App Name,App Size,App Price,App Type,App Version,User Rating,Downloads
Hulu,331 MB,Free,Communication,4.40.6,4.0,100M+
Duolingo,160 MB,$4.99,Travel,1.39.9,4.1,500K+
Duolingo,470 MB,$2.99,Entertainment & Video,8.92.0,4.2,10K+
Google Maps,187 MB,Free with In-App Purchases,Communication,2.82.0,3.3,1M+
Twitter,451 MB,$4.99,Communication,3.92.9,3.9,100M+
LinkedIn,428 MB,$2.99,Music & Audio,1.12.5,3.0,100K+
YouTube,181 MB,$2.99,Travel,8.64.8,2.4,10M+
Hulu,387 MB,$9.99,Travel,10.92.3,3.9,1M+
Netflix,420 MB,Free with In-App Purchases,Music & Audio,3.15.9,4.5,1M+
Slack,346 MB,Free,Productivity,5.74.1,1.7,1B+
Netflix,323 MB,$1.99,Social,7.56.2,1.4,10M+
Hulu,201 MB,$1.99,Communication,8.46.4,3.4,10M+
Airbnb,251 MB,$2.99,Entertainment & Video,7.90.7,2.0,100K+
Snapchat,303 MB,$4.99,Communication,9.16.7,2.7,100M+
Discord,325 MB,$0.99,Entertainment & Video,2.23.1,2.3,500K+
Messenger,456 MB,Free with In-App Purchases,Productivity,5.80.7,4.1,10K+
Netflix,103 MB,$9.99,Entertainment & Video,1.0.5,1.1,10M+
Discord,197 MB,$1.99,Education,6.37.4,3.3,1B+
Messenger,55 MB,$9.99,Productivity,5.11.3,1.0,1M+
Instagram,103 MB,Free,Education,1.49.9,3.0,1B+
Uber,486 MB,$1.99,Education,7.84.9,2.7,10M+
Reddit,304 MB,$2.99,Communication,4.7.8,4.4,100M+
Zoom,170 MB,Free,Entertainment & Video,1.82.6,2.2,1M+
Amazon,257 MB,$2.99,Education,3.7.5,3.2,10K+
Uber,48 MB,$2.99,Entertainment & Video,7.43.6,4.1,10M+
Twitter,330 MB,$4.99,Entertainment & Video,9.72.9,1.1,50K+
TikTok,43 MB,$9.99,Education,8.29.6,4.8,10M+
WhatsApp,315 MB,$4.99,Education,6.58.1,3.9,50K+
YouTube,341 MB,Free with In-App Purchases,Social,3.80.9,4.3,1B+
Zoom,411 MB,$1.99,Travel,4.0.4,4.1,10K+
YouTube,120 MB,$4.99,Music & Audio,4.0.3,4.9,1M+
Dropbox,465 MB,Free with In-App Purchases,Entertainment & Video,1.43.9,3.6,1B+
Google Maps,257 MB,$9.99,Entertainment & Video,1.6.1,1.8,10M+
Reddit,233 MB,$0.99,Music & Audio,8.0.8,1.0,1B+
WhatsApp,261 MB,$2.99,Music & Audio,9.95.8,4.4,50K+
Pinterest,409 MB,$0.99,Productivity,9.26.8,3.7,1B+
Twitter,345 MB,$4.99,Education,1.32.7,2.2,100K+
YouTube,110 MB,$2.99,Travel,8.55.6,1.7,100K+
Hulu,109 MB,Free with In-App Purchases,Entertainment & Video,5.76.4,3.5,1M+
WhatsApp,490 MB,$2.99,Travel,8.82.4,1.2,100K+
LinkedIn,253 MB,Free,Social,10.0.3,3.7,100K+
Hulu,480 MB,$0.99,Communication,4.48.1,3.2,10M+
Uber,382 MB,$9.99,Travel,5.55.5,3.0,100K+
LinkedIn,205 MB,Free with In-App Purchases,Entertainment & Video,8.94.4,1.4,50K+
WhatsApp,74 MB,$4.99,Entertainment & Video,4.42.0,4.1,50K+
Khan Academy,245 MB,Free with In-App Purchases,Entertainment & Video,3.5.8,2.3,10K+
LinkedIn,354 MB,Free with In-App Purchases,Entertainment & Video,1.38.6,4.0,10M+
Instagram,221 MB,$4.99,Communication,9.66.8,2.7,10M+
LinkedIn,313 MB,$2.99,Communication,10.89.9,1.2,1B+
Instagram,240 MB,Free with In-App Purchases,Music & Audio,9.88.9,1.6,100K+
YouTube,312 MB,Free,Entertainment & Video,8.69.4,2.7,1M+
Google Maps,235 MB,Free with In-App Purchases,Productivity,4.0.3,4.4,10M+
Messenger,101 MB,$4.99,Music & Audio,2.48.6,2.1,1B+
Spotify,308 MB,$9.99,Travel,10.27.4,4.7,100M+
WhatsApp,485 MB,Free with In-App Purchases,Travel,4.25.2,3.5,500K+
Spotify,216 MB,$4.99,Music & Audio,3.70.2,1.1,100M+
Airbnb,273 MB,$2.99,Entertainment & Video,4.53.9,3.4,10M+
TikTok,339 MB,$1.99,Entertainment & Video,1.26.5,3.2,1M+
Hulu,19 MB,Free,Entertainment & Video,9.54.1,1.6,100K+
Uber,339 MB,$4.99,Productivity,1.71.2,2.2,10K+
Netflix,341 MB,$2.99,Education,2.31.3,2.6,500K+
Messenger,461 MB,$4.99,Education,7.89.2,2.0,500K+
Dropbox,362 MB,$9.99,Education,9.38.3,1.5,1M+
TikTok,358 MB,$9.99,Education,2.88.0,1.1,100M+
Messenger,257 MB,$9.99,Communication,7.15.2,3.6,500K+
Hulu,484 MB,$0.99,Music & Audio,5.38.3,3.1,1B+
Hulu,250 MB,$1.99,Entertainment & Video,6.55.9,1.6,500K+
Amazon,269 MB,Free with In-App Purchases,Productivity,10.6.5,2.0,10K+
Twitter,290 MB,Free with In-App Purchases,Entertainment & Video,7.84.7,3.9,1M+
Duolingo,232 MB,$0.99,Productivity,9.47.1,2.2,10K+
Spotify,302 MB,$0.99,Entertainment & Video,6.39.3,3.4,500K+
Pinterest,301 MB,$1.99,Entertainment & Video,7.41.0,2.7,1M+
Google Maps,372 MB,$1.99,Social,2.85.8,5.0,100M+
Zoom,115 MB,$4.99,Entertainment & Video,1.5.4,3.1,500K+
Dropbox,214 MB,Free with In-App Purchases,Entertainment & Video,2.63.4,4.2,1M+
Amazon,379 MB,Free,Social,9.52.7,3.8,10M+
Dropbox,346 MB,$4.99,Entertainment & Video,9.8.6,1.4,100K+
Amazon,465 MB,$9.99,Communication,5.29.7,4.3,1B+
Instagram,460 MB,$9.99,Productivity,1.5.7,2.7,1M+
Spotify,140 MB,$4.99,Communication,4.19.2,4.9,50K+
LinkedIn,425 MB,$0.99,Social,3.36.8,1.7,10K+
Discord,218 MB,Free with In-App Purchases,Travel,9.72.5,2.5,100M+
Facebook,249 MB,$1.99,Productivity,3.61.0,2.3,10K+
LinkedIn,469 MB,$2.99,Education,10.30.9,1.1,100K+
Zoom,263 MB,$1.99,Education,1.87.5,4.7,100K+
Zoom,309 MB,$2.99,Productivity,1.46.7,4.5,100M+
Hulu,407 MB,Free with In-App Purchases,Productivity,10.45.7,1.6,1B+
Dropbox,469 MB,$1.99,Social,10.70.3,2.7,1B+
Instagram,448 MB,$0.99,Communication,8.73.9,3.2,1B+
Duolingo,353 MB,$2.99,Productivity,1.56.0,3.4,100M+
TikTok,201 MB,$0.99,Entertainment & Video,4.77.7,4.1,100M+
Discord,187 MB,Free with In-App Purchases,Travel,1.24.0,2.4,100M+
Dropbox,98 MB,Free with In-App Purchases,Communication,10.66.2,1.4,1M+
Discord,249 MB,$1.99,Music & Audio,8.8.5,4.4,1M+
Duolingo,107 MB,$4.99,Communication,2.80.6,3.3,100M+
Twitter,414 MB,$0.99,Social,2.51.2,1.5,500K+
Zoom,378 MB,$0.99,Education,7.67.8,1.2,100M+
Twitter,61 MB,$1.99,Productivity,3.96.1,4.3,10K+
Instagram,318 MB,$0.99,Education,10.54.7,2.9,100K+
Reddit,427 MB,Free,Social,1.31.6,1.4,100K+
Duolingo,80 MB,Free with In-App Purchases,Travel,6.76.2,2.4,50K+
Spotify,13 MB,$1.99,Social,6.74.3,1.2,10M+
TikTok,419 MB,$4.99,Music & Audio,1.80.6,3.1,100K+
Netflix,432 MB,$0.99,Entertainment & Video,1.25.2,2.9,500K+
Twitter,350 MB,$4.99,Productivity,3.95.6,4.7,1B+
Dropbox,220 MB,$9.99,Entertainment & Video,6.82.2,2.0,100K+
Dropbox,372 MB,Free,Music & Audio,7.26.3,3.7,10K+
Uber,58 MB,$4.99,Entertainment & Video,1.85.3,2.7,50K+
TikTok,242 MB,Free,Productivity,9.6.1,2.7,100M+
Messenger,132 MB,$9.99,Education,1.85.0,1.4,50K+
Uber,197 MB,Free,Social,10.53.1,4.8,50K+
YouTube,395 MB,$9.99,Communication,5.31.1,1.7,10K+
Discord,434 MB,$4.99,Entertainment & Video,3.19.9,1.0,1B+
LinkedIn,123 MB,$9.99,Entertainment & Video,1.72.5,1.5,100M+
Slack,153 MB,$4.99,Entertainment & Video,1.63.7,2.8,500K+
WhatsApp,122 MB,Free,Education,10.32.8,4.3,50K+
Reddit,99 MB,$4.99,Entertainment & Video,4.74.8,5.0,50K+
Snapchat,261 MB,$9.99,Travel,10.86.0,4.3,1M+
Netflix,165 MB,$9.99,Education,5.94.0,2.0,100M+
Messenger,209 MB,Free,Social,2.42.0,1.3,1B+
Discord,282 MB,Free with In-App Purchases,Social,8.77.5,2.3,10K+
Netflix,500 MB,$4.99,Communication,2.1.1,4.8,10K+
Messenger,361 MB,$0.99,Travel,7.53.5,3.9,500K+
Khan Academy,468 MB,Free with In-App Purchases,Social,10.54.9,4.6,100K+
Slack,237 MB,$2.99,Entertainment & Video,6.70.2,2.6,500K+
Twitter,400 MB,$4.99,Productivity,10.46.5,3.6,50K+
TikTok,243 MB,$9.99,Entertainment & Video,10.33.1,2.0,500K+
Duolingo,452 MB,Free with In-App Purchases,Social,2.96.4,4.2,50K+
Slack,242 MB,$2.99,Social,5.13.2,3.6,50K+
Google Maps,157 MB,Free,Productivity,8.71.6,4.7,1M+
LinkedIn,162 MB,$4.99,Education,6.90.8,2.6,10M+
Duolingo,455 MB,$0.99,Entertainment & Video,7.3.0,3.0,100M+
YouTube,32 MB,$2.99,Communication,6.68.7,3.8,500K+
WhatsApp,499 MB,Free,Communication,5.86.9,1.6,100K+
Dropbox,367 MB,$2.99,Communication,9.94.1,3.7,1B+
Uber,72 MB,Free,Travel,1.79.7,4.6,10K+
Khan Academy,43 MB,$9.99,Education,1.99.1,1.3,100M+
Dropbox,322 MB,$9.99,Education,8.26.9,1.9,50K+
Google Maps,137 MB,$4.99,Travel,10.17.2,2.9,1M+
Pinterest,32 MB,$0.99,Social,6.28.4,5.0,100M+
Duolingo,361 MB,Free,Travel,4.74.5,2.7,100M+
Duolingo,153 MB,Free,Productivity,3.25.7,2.1,10K+
YouTube,333 MB,$2.99,Entertainment & Video,1.98.7,2.4,100K+
Uber,483 MB,Free with In-App Purchases,Education,3.47.3,2.4,10M+
Spotify,481 MB,$1.99,Communication,2.99.5,3.9,100K+
Uber,83 MB,$9.99,Education,8.26.0,2.3,500K+
Instagram,488 MB,$9.99,Entertainment & Video,8.44.6,3.1,500K+
Snapchat,117 MB,$4.99,Music & Audio,5.82.1,1.9,100K+
Uber,409 MB,$0.99,Education,10.94.9,3.4,50K+
Discord,302 MB,$9.99,Productivity,8.79.1,2.0,100M+
Duolingo,375 MB,Free with In-App Purchases,Education,7.62.9,3.1,50K+
Discord,83 MB,$1.99,Entertainment & Video,2.58.1,1.0,100K+
WhatsApp,302 MB,$4.99,Productivity,3.35.8,2.8,500K+
Discord,113 MB,$4.99,Social,8.73.7,4.3,1B+
Zoom,141 MB,$1.99,Entertainment & Video,5.21.8,2.1,10M+
Hulu,217 MB,Free,Music & Audio,9.84.8,4.9,1M+
Twitter,279 MB,$2.99,Music & Audio,2.16.3,4.7,500K+
Hulu,368 MB,$2.99,Social,10.36.9,2.6,1M+
Uber,60 MB,$0.99,Education,6.17.5,4.0,100M+
Twitter,217 MB,$4.99,Social,10.29.9,4.5,10M+
Khan Academy,19 MB,$9.99,Travel,1.40.7,2.4,100K+
Facebook,66 MB,$9.99,Entertainment & Video,10.41.0,1.9,100K+
Reddit,200 MB,$4.99,Communication,6.78.0,2.8,50K+
Messenger,73 MB,$9.99,Communication,9.42.9,3.0,100M+
Twitter,41 MB,$1.99,Social,1.21.0,2.4,1B+
Snapchat,199 MB,$2.99,Entertainment & Video,5.30.4,3.7,500K+
Instagram,141 MB,$0.99,Productivity,2.37.1,2.4,50K+
Messenger,290 MB,$1.99,Entertainment & Video,6.70.8,3.7,10M+
Hulu,209 MB,$9.99,Travel,9.73.3,4.9,1M+
Uber,29 MB,$1.99,Entertainment & Video,4.58.1,1.3,100M+
Uber,86 MB,$4.99,Entertainment & Video,5.10.9,3.2,1B+
Messenger,450 MB,$0.99,Travel,9.17.8,2.1,1M+
LinkedIn,253 MB,$2.99,Travel,1.34.4,3.6,1B+
Dropbox,142 MB,$4.99,Productivity,10.34.9,4.7,1M+
Khan Academy,283 MB,$4.99,Travel,3.83.2,1.8,100M+
WhatsApp,240 MB,Free,Music & Audio,1.56.8,4.9,100M+
Uber,230 MB,$2.99,Social,6.3.0,1.0,1B+
Khan Academy,68 MB,$0.99,Travel,9.19.2,2.6,10K+
Zoom,468 MB,$0.99,Music & Audio,4.87.4,1.2,100M+
Instagram,240 MB,Free,Education,5.88.8,2.6,50K+
Google Maps,117 MB,$1.99,Communication,10.29.0,4.9,1B+
LinkedIn,166 MB,$1.99,Entertainment & Video,9.11.9,3.4,1M+
Spotify,160 MB,Free with In-App Purchases,Communication,3.53.0,2.9,10M+
Twitter,313 MB,$4.99,Social,4.19.6,2.3,100M+
Discord,291 MB,$2.99,Entertainment & Video,6.86.1,4.4,100M+
Duolingo,234 MB,Free with In-App Purchases,Education,8.62.2,4.0,10M+
Amazon,77 MB,Free,Education,7.19.7,3.3,100M+
Instagram,493 MB,$4.99,Productivity,3.37.3,1.4,10M+
Uber,340 MB,$2.99,Entertainment & Video,9.66.3,2.7,100M+
Pinterest,354 MB,$1.99,Social,10.5.3,3.2,100K+
Instagram,243 MB,$2.99,Productivity,1.51.9,4.1,500K+
Twitter,288 MB,Free,Communication,10.15.9,3.3,50K+
Pinterest,382 MB,$2.99,Music & Audio,2.12.6,3.4,500K+
Pinterest,24 MB,Free,Entertainment & Video,7.45.5,3.1,100K+
WhatsApp,267 MB,$2.99,Education,2.48.8,4.5,10K+
Reddit,323 MB,$9.99,Productivity,2.36.5,4.5,10K+
LinkedIn,177 MB,$1.99,Entertainment & Video,10.37.6,1.9,1B+
Airbnb,295 MB,$9.99,Music & Audio,10.67.0,4.1,500K+
Uber,14 MB,Free with In-App Purchases,Travel,8.52.2,2.8,10M+
Discord,266 MB,Free,Entertainment & Video,2.2.2,4.2,10M+
Airbnb,358 MB,$1.99,Music & Audio,2.21.9,1.7,10K+
YouTube,180 MB,$0.99,Productivity,6.63.5,1.5,1B+
Messenger,28 MB,Free,Music & Audio,3.4.7,1.9,100K+
Slack,422 MB,$0.99,Travel,8.98.7,4.7,100M+
WhatsApp,136 MB,$2.99,Communication,5.30.7,1.7,1M+
Uber,415 MB,$0.99,Communication,3.10.4,2.7,1B+
Facebook,256 MB,Free,Entertainment & Video,7.66.9,4.2,500K+
Slack,151 MB,$2.99,Travel,10.32.7,4.7,100M+
TikTok,168 MB,$0.99,Entertainment & Video,8.24.7,4.3,50K+
Duolingo,448 MB,$9.99,Travel,5.8.7,3.5,10M+
Messenger,280 MB,Free,Entertainment & Video,3.8.5,2.2,500K+
Duolingo,126 MB,$9.99,Social,9.6.1,3.3,50K+
Facebook,386 MB,$4.99,Social,10.71.5,1.7,10K+
Khan Academy,15 MB,Free with In-App Purchases,Productivity,8.36.5,2.8,500K+
Messenger,69 MB,Free,Education,3.0.4,3.1,1B+
Uber,410 MB,Free,Entertainment & Video,10.18.4,1.3,10M+
Slack,475 MB,$9.99,Entertainment & Video,10.78.8,3.6,100K+
Spotify,187 MB,Free,Education,9.74.0,2.7,10K+
Instagram,53 MB,$4.99,Productivity,7.59.9,1.2,1B+
Zoom,384 MB,$4.99,Travel,1.40.7,3.8,1B+
Airbnb,224 MB,$0.99,Travel,10.24.7,4.6,1B+
Discord,351 MB,$1.99,Education,9.91.8,1.5,1M+
Dropbox,328 MB,$0.99,Productivity,9.83.8,3.8,1B+
Khan Academy,56 MB,Free with In-App Purchases,Music & Audio,8.43.4,3.4,1M+
Airbnb,303 MB,$0.99,Music & Audio,9.10.8,3.3,500K+
Discord,195 MB,$4.99,Social,3.9.9,2.7,10M+
Snapchat,28 MB,$1.99,Travel,1.10.5,4.8,500K+
Instagram,481 MB,$2.99,Entertainment & Video,8.67.5,1.5,1M+
Slack,341 MB,Free with In-App Purchases,Education,7.25.4,2.4,50K+
TikTok,239 MB,$4.99,Travel,10.58.1,3.9,1M+
Duolingo,415 MB,$1.99,Entertainment & Video,9.64.2,2.9,1B+
Khan Academy,229 MB,$1.99,Communication,7.3.9,4.6,10M+
Duolingo,203 MB,$1.99,Education,2.14.5,1.1,500K+
Airbnb,83 MB,$1.99,Communication,8.57.2,4.8,1B+
Duolingo,498 MB,Free with In-App Purchases,Communication,6.34.9,1.5,1B+
Messenger,46 MB,$1.99,Education,5.78.2,3.4,50K+
Slack,78 MB,Free,Social,4.12.1,3.5,10M+
Spotify,330 MB,Free with In-App Purchases,Social,3.60.9,2.4,10M+
Zoom,414 MB,$4.99,Entertainment & Video,2.79.9,3.7,500K+
Hulu,372 MB,Free,Entertainment & Video,2.28.6,1.7,100M+
Reddit,424 MB,$2.99,Entertainment & Video,9.77.8,3.5,100M+
Amazon,70 MB,Free with In-App Purchases,Travel,1.8.4,1.4,100M+
Facebook,197 MB,$2.99,Social,3.68.2,2.6,1M+
Spotify,257 MB,$1.99,Entertainment & Video,9.57.7,3.6,500K+
TikTok,58 MB,$2.99,Education,2.18.4,4.4,50K+
Snapchat,366 MB,$0.99,Social,5.80.6,1.6,100M+
Duolingo,397 MB,Free,Music & Audio,10.25.1,1.5,50K+
Duolingo,118 MB,Free with In-App Purchases,Social,4.64.4,2.4,10K+
Pinterest,394 MB,$4.99,Education,7.83.9,2.0,100K+
LinkedIn,310 MB,$1.99,Social,4.60.5,4.4,500K+
Spotify,406 MB,$1.99,Communication,4.83.3,1.2,1M+
Zoom,241 MB,$9.99,Productivity,1.34.3,4.4,100K+
Twitter,138 MB,$0.99,Entertainment & Video,10.71.3,1.5,500K+
Duolingo,393 MB,Free,Communication,8.38.8,2.9,100K+
Netflix,216 MB,Free,Music & Audio,7.61.8,2.6,100K+
WhatsApp,186 MB,$4.99,Communication,6.83.4,1.4,1B+
Dropbox,341 MB,Free with In-App Purchases,Entertainment & Video,4.3.8,1.3,1B+
LinkedIn,215 MB,$4.99,Communication,10.19.0,3.9,10K+
Dropbox,410 MB,$2.99,Education,5.7.1,2.4,100M+
Amazon,107 MB,$1.99,Education,10.34.8,1.3,1B+
Google Maps,250 MB,Free with In-App Purchases,Travel,2.78.9,4.5,1B+
Instagram,352 MB,Free,Social,1.6.5,2.1,10M+
WhatsApp,482 MB,$9.99,Travel,10.94.4,1.7,50K+
Hulu,451 MB,$0.99,Communication,4.99.6,3.4,50K+
Snapchat,372 MB,Free with In-App Purchases,Education,2.20.6,1.7,1M+
Snapchat,27 MB,$2.99,Education,8.7.5,1.8,10K+
Discord,262 MB,Free,Entertainment & Video,1.66.1,1.7,10M+
Zoom,263 MB,$2.99,Productivity,10.83.0,3.3,1B+
Twitter,323 MB,Free,Entertainment & Video,9.57.7,3.7,500K+
Hulu,280 MB,$4.99,Music & Audio,5.51.7,2.0,50K+
Pinterest,26 MB,Free with In-App Purchases,Entertainment & Video,2.48.4,1.4,100K+
Airbnb,424 MB,$9.99,Communication,7.93.5,1.7,10M+
Twitter,85 MB,Free with In-App Purchases,Social,6.65.3,4.7,50K+
WhatsApp,52 MB,$9.99,Entertainment & Video,5.59.4,2.4,100K+
Google Maps,12 MB,$9.99,Education,3.41.4,4.0,1B+
YouTube,206 MB,$4.99,Social,10.31.1,4.3,100K+
Amazon,368 MB,Free,Social,6.77.0,2.7,500K+
Zoom,343 MB,Free,Entertainment & Video,5.39.4,4.2,10M+
Discord,174 MB,$2.99,Entertainment & Video,3.96.9,2.6,100K+
LinkedIn,87 MB,Free with In-App Purchases,Productivity,3.13.3,4.0,1M+
Twitter,434 MB,Free,Travel,8.28.8,2.2,10M+
WhatsApp,48 MB,$0.99,Entertainment & Video,1.83.0,1.9,1B+
Zoom,279 MB,$4.99,Communication,6.80.5,1.3,10K+
Snapchat,151 MB,Free,Entertainment & Video,6.91.4,2.3,10K+
Reddit,461 MB,$1.99,Entertainment & Video,4.94.3,2.7,10K+
Amazon,132 MB,Free with In-App Purchases,Travel,3.77.1,1.5,1M+
Snapchat,73 MB,$9.99,Social,5.7.0,3.7,1M+
Amazon,334 MB,$2.99,Entertainment & Video,10.63.2,3.7,100M+
Google Maps,78 MB,$1.99,Entertainment & Video,3.17.2,2.8,1B+
Messenger,266 MB,$1.99,Entertainment & Video,2.65.1,1.9,50K+
Zoom,240 MB,$2.99,Music & Audio,2.52.3,4.6,10M+
WhatsApp,30 MB,Free with In-App Purchases,Productivity,8.17.1,4.7,1B+
Uber,411 MB,$4.99,Music & Audio,3.23.0,1.2,10K+
WhatsApp,215 MB,$0.99,Entertainment & Video,5.99.8,1.5,1M+
Hulu,270 MB,$9.99,Travel,1.81.0,3.7,1M+
Uber,237 MB,$4.99,Entertainment & Video,8.50.7,4.6,100K+
WhatsApp,321 MB,Free,Communication,2.99.0,1.9,1B+
LinkedIn,254 MB,$1.99,Music & Audio,7.85.6,1.5,100M+
Hulu,70 MB,$2.99,Social,7.78.4,3.6,1M+
Duolingo,85 MB,$4.99,Entertainment & Video,6.74.6,5.0,50K+
Uber,461 MB,Free with In-App Purchases,Travel,8.57.7,1.9,10M+
Discord,83 MB,Free with In-App Purchases,Communication,2.87.7,4.8,500K+
Khan Academy,270 MB,$1.99,Education,9.81.6,3.3,100M+
Facebook,424 MB,$9.99,Communication,6.18.1,4.5,100M+
Messenger,151 MB,$1.99,Communication,6.81.1,2.4,100K+
Netflix,157 MB,$9.99,Entertainment & Video,10.24.6,3.2,50K+
Slack,165 MB,$1.99,Music & Audio,7.2.9,2.8,1B+
Uber,169 MB,$4.99,Productivity,1.57.5,2.3,50K+
WhatsApp,435 MB,Free,Music & Audio,2.25.9,1.2,100K+
Uber,303 MB,$4.99,Entertainment & Video,6.4.5,4.9,100K+
Uber,427 MB,$9.99,Education,5.35.8,1.4,100K+
WhatsApp,302 MB,$1.99,Entertainment & Video,1.18.3,1.4,100M+
Netflix,431 MB,$9.99,Productivity,5.2.5,1.2,100M+
Zoom,20 MB,$9.99,Communication,6.17.6,1.4,10M+
Hulu,46 MB,$9.99,Education,6.15.5,3.5,100K+
Netflix,308 MB,$9.99,Social,5.78.9,4.5,100K+
YouTube,349 MB,$4.99,Entertainment & Video,6.33.4,1.2,1B+
YouTube,142 MB,$9.99,Productivity,10.18.5,3.1,10M+
Instagram,281 MB,$2.99,Entertainment & Video,3.60.1,2.1,500K+
Twitter,25 MB,$2.99,Entertainment & Video,10.1.9,2.4,10M+
Instagram,450 MB,$2.99,Entertainment & Video,4.56.6,3.8,100K+
LinkedIn,456 MB,$2.99,Travel,6.1.0,1.1,100M+
Amazon,433 MB,Free with In-App Purchases,Music & Audio,7.94.6,4.6,1M+
Twitter,114 MB,$0.99,Education,3.14.7,1.9,100M+
Snapchat,160 MB,Free,Social,1.41.7,4.3,10K+
Messenger,183 MB,$0.99,Entertainment & Video,8.2.9,4.3,1B+
YouTube,229 MB,$1.99,Productivity,1.59.8,1.3,50K+
Messenger,125 MB,Free,Productivity,3.51.8,4.3,1M+
Netflix,114 MB,$4.99,Entertainment & Video,3.46.4,2.5,10K+
Netflix,159 MB,$4.99,Communication,10.76.8,1.8,100K+
Duolingo,26 MB,$9.99,Travel,1.98.1,3.2,100K+
Instagram,308 MB,$1.99,Education,5.77.7,4.5,1M+
Messenger,10 MB,$0.99,Productivity,10.41.2,3.5,100M+
Instagram,174 MB,$2.99,Communication,5.45.3,4.8,1M+
Discord,178 MB,$2.99,Music & Audio,2.58.0,3.2,100M+
Pinterest,41 MB,$4.99,Music & Audio,7.11.1,2.5,10M+
Google Maps,401 MB,$0.99,Travel,8.5.1,4.8,10M+
Pinterest,404 MB,$4.99,Education,7.93.8,2.9,1M+
Amazon,438 MB,$1.99,Social,5.42.6,2.2,500K+
TikTok,240 MB,Free with In-App Purchases,Education,4.53.3,1.7,100M+
Airbnb,180 MB,$0.99,Travel,3.94.3,3.2,10K+
Duolingo,306 MB,$9.99,Travel,9.44.3,3.8,50K+
Slack,126 MB,Free,Entertainment & Video,8.44.0,2.1,500K+
WhatsApp,27 MB,$1.99,Entertainment & Video,3.76.5,3.8,10M+
Dropbox,169 MB,$9.99,Entertainment & Video,8.8.0,1.7,1B+
Discord,58 MB,$9.99,Entertainment & Video,7.51.2,3.9,1B+
Google Maps,309 MB,Free with In-App Purchases,Social,1.95.1,1.6,10K+
Twitter,114 MB,$9.99,Social,10.33.7,1.6,10K+
Dropbox,33 MB,$9.99,Entertainment & Video,2.35.7,2.8,1M+
Khan Academy,24 MB,$9.99,Music & Audio,10.42.1,3.4,100M+
Airbnb,418 MB,$4.99,Entertainment & Video,7.87.9,4.4,100K+
Messenger,463 MB,$4.99,Entertainment & Video,8.61.5,4.0,100K+
Messenger,401 MB,Free with In-App Purchases,Education,9.47.8,2.9,50K+
Zoom,196 MB,$4.99,Entertainment & Video,5.99.7,2.0,10K+
Khan Academy,149 MB,$1.99,Communication,2.99.4,2.2,500K+
Snapchat,159 MB,Free,Education,5.68.7,2.6,10M+
Netflix,292 MB,Free with In-App Purchases,Productivity,3.34.4,2.0,500K+
Pinterest,90 MB,$9.99,Communication,5.12.3,4.1,10M+
Messenger,236 MB,Free,Music & Audio,1.92.5,3.7,100M+
Netflix,266 MB,Free with In-App Purchases,Social,10.35.7,2.7,10M+
Slack,275 MB,Free,Communication,1.0.7,2.8,1B+
LinkedIn,464 MB,Free,Travel,9.4.2,2.1,100M+
Snapchat,306 MB,$4.99,Music & Audio,1.81.0,2.9,10K+
Zoom,309 MB,$4.99,Entertainment & Video,3.21.8,4.5,1M+
Discord,164 MB,$2.99,Education,1.18.5,5.0,1B+
YouTube,170 MB,$2.99,Education,8.69.8,4.0,100M+
Khan Academy,14 MB,$1.99,Travel,10.12.5,2.0,1B+
Facebook,123 MB,$9.99,Music & Audio,3.47.3,2.9,100M+
Hulu,497 MB,$2.99,Social,5.38.5,2.5,10K+
Dropbox,461 MB,Free,Productivity,7.42.3,1.0,10M+
TikTok,430 MB,Free,Social,1.4.9,3.5,100K+
LinkedIn,299 MB,Free with In-App Purchases,Travel,2.37.9,1.4,10M+
YouTube,98 MB,Free,Communication,9.37.6,4.4,1M+
Spotify,411 MB,Free with In-App Purchases,Travel,9.88.9,4.8,50K+
Duolingo,422 MB,$4.99,Travel,8.10.3,1.4,1B+
Khan Academy,230 MB,Free with In-App Purchases,Entertainment & Video,6.57.4,4.1,100K+
Zoom,112 MB,$4.99,Entertainment & Video,4.10.6,2.0,1B+
Instagram,337 MB,$4.99,Travel,1.73.7,3.9,1M+
Discord,258 MB,$2.99,Entertainment & Video,5.64.4,1.4,500K+
Amazon,43 MB,$0.99,Entertainment & Video,3.59.7,1.4,100M+
Facebook,353 MB,$1.99,Travel,10.4.1,2.6,500K+
Duolingo,261 MB,$0.99,Entertainment & Video,6.82.6,2.3,100M+
Slack,344 MB,$9.99,Social,3.60.1,2.5,1B+
Snapchat,297 MB,$9.99,Productivity,8.8.8,2.3,10M+
Discord,55 MB,$9.99,Communication,5.90.5,1.9,1M+
Netflix,247 MB,$0.99,Entertainment & Video,8.11.4,4.7,1M+
WhatsApp,124 MB,$1.99,Music & Audio,2.15.1,2.1,1M+
Dropbox,20 MB,$9.99,Productivity,10.75.3,2.0,10K+
Slack,191 MB,$1.99,Social,1.74.9,2.4,1M+
Spotify,371 MB,$1.99,Entertainment & Video,7.79.7,5.0,10M+
TikTok,224 MB,Free with In-App Purchases,Entertainment & Video,10.64.4,1.2,10K+
WhatsApp,160 MB,$4.99,Social,8.62.7,1.4,100M+
TikTok,263 MB,$2.99,Social,1.39.2,1.1,1M+
Netflix,214 MB,Free,Music & Audio,4.88.1,4.7,100K+
LinkedIn,281 MB,$1.99,Travel,1.69.2,3.1,10K+
TikTok,409 MB,$4.99,Entertainment & Video,4.19.2,3.0,50K+
Twitter,312 MB,$4.99,Productivity,1.86.5,2.6,1M+
Zoom,426 MB,$1.99,Travel,8.43.9,2.0,10K+
Instagram,377 MB,Free with In-App Purchases,Music & Audio,9.15.6,2.5,100K+
Facebook,40 MB,Free,Entertainment & Video,10.38.5,1.1,1M+
Hulu,383 MB,Free with In-App Purchases,Social,2.88.1,4.9,500K+
Uber,256 MB,$1.99,Entertainment & Video,8.36.1,2.6,1M+
Google Maps,480 MB,$0.99,Travel,2.70.5,4.3,50K+
Twitter,188 MB,Free,Entertainment & Video,2.92.6,2.3,100M+
WhatsApp,48 MB,$1.99,Entertainment & Video,8.82.9,2.2,1M+
Amazon,98 MB,$9.99,Education,10.22.7,2.1,500K+
Duolingo,163 MB,$1.99,Music & Audio,6.32.5,4.8,500K+
Netflix,214 MB,Free,Entertainment & Video,2.21.2,4.3,1B+
Snapchat,194 MB,$4.99,Entertainment & Video,1.38.7,3.2,100M+
Hulu,459 MB,$9.99,Music & Audio,9.84.3,1.5,100K+
Facebook,151 MB,Free,Entertainment & Video,6.22.0,4.6,500K+
Google Maps,189 MB,$1.99,Entertainment & Video,3.63.9,3.6,100M+
Netflix,400 MB,$0.99,Travel,4.69.5,4.4,1B+
Google Maps,224 MB,$0.99,Productivity,6.98.6,3.7,10K+
Duolingo,277 MB,$1.99,Communication,8.41.5,2.8,1B+
WhatsApp,411 MB,$1.99,Entertainment & Video,1.80.2,2.9,100K+
Duolingo,66 MB,$2.99,Entertainment & Video,5.25.8,3.8,50K+
Slack,222 MB,$0.99,Music & Audio,7.31.4,1.5,50K+
Slack,10 MB,$9.99,Entertainment & Video,6.15.3,3.9,1B+
Zoom,166 MB,$2.99,Social,4.94.3,3.1,50K+
Pinterest,388 MB,Free with In-App Purchases,Entertainment & Video,7.51.2,2.5,1M+
Messenger,410 MB,Free,Productivity,4.6.6,2.4,50K+
Zoom,406 MB,Free with In-App Purchases,Entertainment & Video,4.68.1,4.6,10K+
Discord,230 MB,Free,Productivity,7.58.7,4.2,10K+
Snapchat,13 MB,$4.99,Communication,8.75.7,4.6,10K+
Pinterest,42 MB,$4.99,Entertainment & Video,9.62.6,4.5,100M+
Dropbox,433 MB,Free with In-App Purchases,Productivity,7.47.9,1.8,1B+
Twitter,387 MB,$2.99,Productivity,5.4.2,3.5,10K+
Facebook,254 MB,$2.99,Productivity,3.79.7,1.6,1B+
Spotify,482 MB,$9.99,Entertainment & Video,4.8.9,4.1,1B+
Reddit,28 MB,$9.99,Travel,6.27.4,2.8,500K+
WhatsApp,160 MB,$1.99,Travel,9.36.3,1.9,10K+
LinkedIn,147 MB,$2.99,Music & Audio,3.62.8,1.5,50K+
Dropbox,122 MB,Free with In-App Purchases,Education,3.1.0,3.1,100M+
YouTube,486 MB,Free with In-App Purchases,Entertainment & Video,6.63.5,1.4,1B+
TikTok,408 MB,Free,Entertainment & Video,9.57.0,2.6,100K+
LinkedIn,388 MB,$4.99,Social,8.89.3,5.0,100K+
Instagram,290 MB,Free with In-App Purchases,Social,2.31.7,1.3,50K+
Messenger,299 MB,Free with In-App Purchases,Travel,1.97.8,2.4,100K+
Uber,464 MB,$2.99,Productivity,4.30.1,4.1,10K+
Netflix,136 MB,$2.99,Music & Audio,7.31.6,3.6,100K+
Amazon,292 MB,Free,Entertainment & Video,8.77.9,4.5,500K+
Uber,434 MB,$0.99,Entertainment & Video,10.28.2,2.6,100K+
Discord,143 MB,Free with In-App Purchases,Social,5.38.7,2.6,1M+
Amazon,250 MB,$0.99,Entertainment & Video,4.33.2,1.8,10M+
Khan Academy,59 MB,$0.99,Productivity,1.47.1,1.6,10M+
Pinterest,394 MB,$1.99,Music & Audio,4.59.4,1.8,10K+
Facebook,115 MB,Free with In-App Purchases,Entertainment & Video,5.99.6,3.8,10K+
Airbnb,21 MB,$1.99,Music & Audio,3.46.6,4.4,50K+
Slack,374 MB,$9.99,Travel,9.27.9,3.6,50K+
Hulu,95 MB,$0.99,Communication,3.30.4,3.9,50K+
LinkedIn,178 MB,Free,Entertainment & Video,4.89.9,1.9,1M+
LinkedIn,108 MB,$9.99,Music & Audio,6.86.8,3.0,500K+
Google Maps,13 MB,$2.99,Education,1.49.0,1.5,1M+
Amazon,462 MB,$0.99,Productivity,5.63.3,1.7,1M+
Amazon,458 MB,$1.99,Productivity,6.4.3,4.5,50K+
Uber,137 MB,$9.99,Communication,8.28.3,1.1,1B+
Zoom,222 MB,$0.99,Productivity,3.96.9,2.3,50K+
LinkedIn,469 MB,$0.99,Entertainment & Video,5.37.4,1.8,10K+
Dropbox,425 MB,Free,Productivity,2.25.7,4.1,10M+
Airbnb,367 MB,Free with In-App Purchases,Productivity,6.82.8,3.8,1B+
Zoom,214 MB,$1.99,Social,10.38.0,2.2,100M+
Instagram,34 MB,Free,Communication,4.16.1,3.6,10K+
Discord,390 MB,$1.99,Music & Audio,9.20.6,4.7,100K+
Messenger,377 MB,$2.99,Entertainment & Video,1.54.3,3.8,100M+
Zoom,146 MB,$0.99,Education,4.14.1,3.8,10K+
Messenger,471 MB,$9.99,Social,8.6.6,4.9,500K+
Amazon,296 MB,$0.99,Communication,6.50.0,3.9,100M+
Facebook,337 MB,$9.99,Communication,10.89.3,1.4,10M+
Snapchat,247 MB,$4.99,Education,1.26.7,3.5,10K+
Uber,56 MB,Free with In-App Purchases,Entertainment & Video,10.98.9,4.0,50K+
Messenger,247 MB,$2.99,Communication,2.7.7,4.5,1B+
Instagram,37 MB,Free,Productivity,2.29.3,4.0,10M+
Khan Academy,68 MB,$9.99,Productivity,10.92.7,4.5,10K+
Google Maps,269 MB,$2.99,Productivity,6.42.7,3.2,10K+
Uber,265 MB,Free,Music & Audio,5.60.5,1.7,500K+
Airbnb,294 MB,Free with In-App Purchases,Travel,1.98.0,3.1,10K+
LinkedIn,30 MB,$9.99,Communication,9.91.4,2.2,100K+
Slack,220 MB,$4.99,Travel,6.85.4,3.9,1B+
Duolingo,349 MB,Free with In-App Purchases,Travel,4.48.6,2.1,1B+
Pinterest,328 MB,$0.99,Entertainment & Video,1.63.3,3.3,500K+
LinkedIn,76 MB,$4.99,Entertainment & Video,10.14.5,4.0,50K+
Zoom,164 MB,$0.99,Entertainment & Video,4.12.6,1.2,100K+
Duolingo,216 MB,Free with In-App Purchases,Travel,4.19.5,3.1,10K+
Duolingo,90 MB,$9.99,Productivity,4.76.0,4.5,50K+
Snapchat,176 MB,$1.99,Entertainment & Video,9.57.0,2.6,10K+
Pinterest,401 MB,$4.99,Entertainment & Video,10.53.1,1.9,1M+
Zoom,417 MB,$9.99,Entertainment & Video,10.41.8,4.9,100M+
Snapchat,212 MB,Free with In-App Purchases,Education,7.11.1,1.9,1B+
Khan Academy,413 MB,$2.99,Education,3.17.1,4.8,500K+
Zoom,230 MB,Free,Entertainment & Video,2.46.8,2.1,1M+
Airbnb,13 MB,$1.99,Entertainment & Video,4.26.5,1.7,50K+
Khan Academy,495 MB,$2.99,Entertainment & Video,1.55.4,4.8,1B+
Instagram,407 MB,$2.99,Education,6.46.4,1.8,10M+
Reddit,207 MB,$9.99,Entertainment & Video,3.41.6,2.4,100K+
Amazon,169 MB,Free with In-App Purchases,Entertainment & Video,4.82.0,2.8,10K+
Airbnb,328 MB,$9.99,Education,10.6.1,1.4,10K+
Duolingo,76 MB,$0.99,Education,2.62.9,1.6,100K+
Reddit,415 MB,$4.99,Entertainment & Video,1.28.5,4.8,100M+
Discord,191 MB,Free with In-App Purchases,Communication,1.85.1,3.2,100K+
LinkedIn,48 MB,$0.99,Entertainment & Video,1.73.3,4.4,1B+
TikTok,298 MB,Free with In-App Purchases,Social,9.70.6,4.4,1M+
WhatsApp,16 MB,Free with In-App Purchases,Travel,9.88.6,4.2,10M+
Airbnb,291 MB,$1.99,Entertainment & Video,8.51.7,1.8,1B+
Google Maps,84 MB,$0.99,Productivity,8.63.8,1.1,10M+
Hulu,359 MB,$1.99,Social,6.37.7,2.6,100M+
Snapchat,58 MB,$2.99,Entertainment & Video,8.38.5,4.0,500K+
Dropbox,402 MB,$0.99,Entertainment & Video,1.89.5,2.7,100M+
Snapchat,210 MB,$1.99,Communication,5.26.6,4.1,1B+
LinkedIn,486 MB,Free with In-App Purchases,Entertainment & Video,5.82.4,4.2,500K+
Snapchat,381 MB,$1.99,Entertainment & Video,5.4.2,2.8,100K+
Uber,34 MB,$2.99,Entertainment & Video,9.53.5,4.8,10M+
Spotify,366 MB,Free,Communication,9.69.9,2.8,1B+
Snapchat,402 MB,$2.99,Travel,4.21.9,3.4,500K+
TikTok,427 MB,$1.99,Communication,9.45.0,3.6,500K+
Spotify,111 MB,$9.99,Entertainment & Video,5.89.2,1.4,1B+
TikTok,259 MB,$1.99,Productivity,6.55.4,3.7,100K+
Hulu,37 MB,Free,Social,4.95.3,1.1,10M+
Slack,421 MB,Free with In-App Purchases,Productivity,6.98.1,3.8,100K+
LinkedIn,220 MB,$0.99,Social,1.8.4,3.0,1M+
Amazon,392 MB,Free,Music & Audio,8.24.9,3.2,1B+
Hulu,443 MB,$2.99,Social,4.31.3,2.5,1B+
Pinterest,429 MB,$2.99,Entertainment & Video,2.11.7,3.9,10M+
Instagram,293 MB,$0.99,Music & Audio,4.12.1,3.4,1M+
Slack,110 MB,Free with In-App Purchases,Productivity,5.79.1,4.4,100M+
Snapchat,212 MB,$0.99,Travel,8.37.9,1.1,1M+
Instagram,220 MB,Free with In-App Purchases,Social,6.3.9,4.1,100K+
Dropbox,112 MB,$9.99,Education,10.40.2,4.7,10M+
Khan Academy,97 MB,Free,Education,5.34.0,1.9,1M+
Zoom,470 MB,$2.99,Social,5.5.9,2.8,10M+
Facebook,93 MB,$2.99,Entertainment & Video,5.15.6,3.4,10K+
Slack,456 MB,$0.99,Music & Audio,4.49.9,1.3,100M+
Messenger,325 MB,$9.99,Productivity,8.84.2,3.7,10M+
Netflix,396 MB,$2.99,Music & Audio,1.63.7,3.8,10K+
LinkedIn,127 MB,$9.99,Entertainment & Video,6.98.9,1.2,1B+
Snapchat,468 MB,$9.99,Music & Audio,10.68.4,2.4,1B+
Hulu,207 MB,Free with In-App Purchases,Education,2.42.9,1.2,1M+
TikTok,360 MB,$1.99,Communication,8.59.1,3.6,500K+
Spotify,86 MB,$0.99,Entertainment & Video,6.23.9,4.2,50K+
Pinterest,427 MB,$4.99,Travel,4.21.1,1.5,10K+
Slack,156 MB,$9.99,Education,6.71.2,1.2,500K+
TikTok,338 MB,$2.99,Productivity,5.76.8,3.1,10K+
Pinterest,96 MB,$9.99,Travel,4.29.7,4.9,1M+
Messenger,331 MB,$0.99,Communication,10.64.8,3.0,10K+
Uber,347 MB,Free with In-App Purchases,Music & Audio,5.2.0,4.6,1M+
Instagram,169 MB,Free with In-App Purchases,Social,10.93.9,4.5,1B+
YouTube,456 MB,$9.99,Travel,2.59.7,3.5,1B+
Slack,277 MB,$0.99,Productivity,7.19.8,3.2,50K+
Messenger,114 MB,$4.99,Travel,6.54.5,2.1,100M+
Uber,364 MB,$1.99,Communication,6.9.6,1.4,100K+
Twitter,298 MB,$4.99,Entertainment & Video,7.13.0,4.3,50K+
TikTok,226 MB,$4.99,Entertainment & Video,8.33.7,1.2,1M+
Reddit,146 MB,Free with In-App Purchases,Entertainment & Video,2.63.1,2.3,10M+
Facebook,44 MB,$2.99,Travel,7.94.1,2.8,100K+
Dropbox,41 MB,Free with In-App Purchases,Entertainment & Video,9.27.3,1.2,100M+
Zoom,373 MB,Free with In-App Purchases,Productivity,9.14.2,4.4,10M+
Khan Academy,63 MB,Free,Social,6.30.6,2.5,500K+
Netflix,142 MB,Free with In-App Purchases,Entertainment & Video,7.2.5,3.3,1B+
Amazon,479 MB,$0.99,Education,3.72.8,1.7,10M+
Zoom,103 MB,$4.99,Music & Audio,10.94.5,2.3,10M+
YouTube,468 MB,$2.99,Communication,3.63.0,3.3,100M+
YouTube,412 MB,$0.99,Music & Audio,4.72.0,2.1,1B+
Netflix,265 MB,Free with In-App Purchases,Communication,1.47.5,1.4,10M+
Google Maps,122 MB,$1.99,Education,5.72.6,1.8,500K+
Twitter,353 MB,$9.99,Music & Audio,1.18.6,3.6,10K+
Hulu,295 MB,$1.99,Travel,5.79.3,4.5,1M+
Reddit,181 MB,Free,Entertainment & Video,10.1.7,4.3,10M+
WhatsApp,324 MB,$1.99,Travel,4.11.1,3.3,1M+
Slack,33 MB,Free with In-App Purchases,Travel,7.10.4,3.0,1B+
Facebook,175 MB,Free with In-App Purchases,Music & Audio,3.83.2,3.3,100K+
Pinterest,68 MB,$0.99,Productivity,8.56.5,1.2,100M+
Google Maps,323 MB,$2.99,Education,2.9.0,4.4,50K+
Instagram,430 MB,Free,Music & Audio,10.79.4,4.7,10K+
Google Maps,200 MB,Free with In-App Purchases,Productivity,1.74.6,3.5,10K+
Netflix,28 MB,$4.99,Music & Audio,3.46.3,2.1,10M+
Amazon,372 MB,$2.99,Travel,2.16.2,5.0,10K+
Google Maps,150 MB,$9.99,Productivity,6.61.7,4.8,1M+
Pinterest,241 MB,$1.99,Productivity,1.36.5,1.3,100M+
Khan Academy,53 MB,$0.99,Social,6.31.3,4.9,10M+
Messenger,133 MB,Free,Education,8.12.6,4.8,100M+
Amazon,415 MB,Free with In-App Purchases,Education,3.19.5,2.4,50K+
Snapchat,419 MB,$2.99,Entertainment & Video,9.5.4,4.1,1B+
Facebook,169 MB,Free,Entertainment & Video,1.62.9,1.7,50K+
Airbnb,362 MB,Free with In-App Purchases,Entertainment & Video,9.8.5,1.8,1M+
Pinterest,41 MB,$4.99,Entertainment & Video,1.73.1,3.4,500K+
Messenger,150 MB,Free with In-App Purchases,Entertainment & Video,10.21.4,4.9,100K+
Twitter,249 MB,$4.99,Social,6.15.5,1.5,50K+
Netflix,39 MB,Free,Communication,7.39.4,4.1,1B+
Twitter,153 MB,$1.99,Education,9.28.2,1.6,10M+
Hulu,277 MB,Free with In-App Purchases,Music & Audio,5.31.9,1.3,100M+
Twitter,86 MB,$0.99,Communication,8.13.1,3.6,50K+
Khan Academy,166 MB,$0.99,Education,9.83.6,2.8,100K+
Messenger,81 MB,$0.99,Communication,7.40.7,4.9,100M+
Dropbox,114 MB,Free with In-App Purchases,Travel,5.87.3,3.3,50K+
Google Maps,354 MB,$0.99,Music & Audio,5.38.1,1.5,10K+
Hulu,358 MB,$2.99,Entertainment & Video,9.20.3,3.6,10M+
WhatsApp,53 MB,Free with In-App Purchases,Entertainment & Video,4.20.5,3.7,1M+
Discord,203 MB,Free with In-App Purchases,Productivity,1.84.5,2.5,500K+
Facebook,489 MB,$2.99,Education,10.66.2,1.2,1M+
Dropbox,157 MB,Free with In-App Purchases,Productivity,3.27.3,3.0,10M+
Khan Academy,159 MB,Free with In-App Purchases,Entertainment & Video,4.86.3,3.8,10K+
Zoom,361 MB,$2.99,Entertainment & Video,6.49.4,2.0,100K+
Snapchat,201 MB,$9.99,Communication,6.20.4,4.4,500K+
Airbnb,205 MB,$0.99,Entertainment & Video,8.9.5,4.8,1B+
LinkedIn,298 MB,Free,Social,9.55.9,3.8,10M+
TikTok,356 MB,Free with In-App Purchases,Education,2.9.0,4.5,10M+
Dropbox,242 MB,Free,Entertainment & Video,6.10.3,2.6,100K+
Facebook,237 MB,Free,Entertainment & Video,6.61.3,3.2,1B+
Netflix,108 MB,$2.99,Entertainment & Video,8.54.5,3.5,10M+
Amazon,327 MB,$0.99,Entertainment & Video,2.73.4,3.0,1B+
Zoom,110 MB,Free with In-App Purchases,Entertainment & Video,1.11.8,4.2,1M+
Spotify,91 MB,Free,Productivity,3.23.4,1.2,50K+
Reddit,240 MB,$9.99,Communication,7.87.4,2.0,1M+
YouTube,443 MB,$9.99,Music & Audio,7.33.2,3.5,10M+
Netflix,304 MB,Free,Education,8.11.3,3.6,100M+
Messenger,248 MB,$2.99,Music & Audio,6.69.9,3.8,100K+
Zoom,184 MB,Free with In-App Purchases,Entertainment & Video,5.17.5,4.0,1M+
Dropbox,183 MB,$2.99,Education,6.5.7,3.5,100K+
Netflix,57 MB,Free,Travel,6.29.1,1.1,1B+
Hulu,475 MB,$9.99,Social,2.7.8,1.7,1B+
Netflix,72 MB,Free,Social,8.73.1,1.3,50K+
Dropbox,350 MB,$2.99,Entertainment & Video,6.25.5,2.0,10M+
Khan Academy,100 MB,$4.99,Music & Audio,3.49.4,2.7,100M+
Dropbox,413 MB,Free,Communication,6.43.5,1.5,10M+
WhatsApp,318 MB,$0.99,Entertainment & Video,10.79.4,4.9,50K+
Airbnb,247 MB,$0.99,Social,3.25.2,2.0,1B+
Amazon,434 MB,$1.99,Communication,5.99.2,3.2,1B+
Snapchat,254 MB,$0.99,Music & Audio,10.56.9,2.3,100M+
Khan Academy,476 MB,$0.99,Communication,2.92.6,3.4,1M+
Khan Academy,441 MB,$0.99,Entertainment & Video,1.64.7,3.0,10K+
Zoom,153 MB,Free with In-App Purchases,Travel,4.58.4,4.5,1B+
Discord,53 MB,$4.99,Productivity,5.16.9,2.3,10M+
Slack,148 MB,$4.99,Social,6.80.0,4.9,10M+
Pinterest,34 MB,$1.99,Travel,9.6.7,1.9,100K+
YouTube,78 MB,Free with In-App Purchases,Social,2.97.4,3.7,100K+
Duolingo,201 MB,$2.99,Productivity,3.36.8,2.8,10K+
Dropbox,375 MB,$2.99,Entertainment & Video,1.69.9,1.4,100K+
Hulu,229 MB,$4.99,Travel,5.11.7,1.4,10M+
Slack,226 MB,$2.99,Entertainment & Video,10.15.2,1.9,1B+
Instagram,69 MB,$4.99,Communication,9.7.9,3.1,10K+
TikTok,270 MB,$9.99,Entertainment & Video,1.66.5,1.1,1B+
Uber,241 MB,$9.99,Social,6.8.2,3.3,100K+
Netflix,91 MB,$9.99,Education,8.96.1,4.7,10M+
Amazon,235 MB,Free with In-App Purchases,Entertainment & Video,1.58.4,2.2,1B+
WhatsApp,121 MB,$0.99,Productivity,5.89.8,2.7,50K+
Reddit,390 MB,Free,Social,1.46.4,2.8,50K+
Netflix,457 MB,$0.99,Education,1.74.0,4.5,1M+
Reddit,402 MB,$9.99,Travel,5.81.0,1.8,50K+
Messenger,177 MB,Free,Music & Audio,5.14.9,4.0,100M+
Instagram,171 MB,$2.99,Social,10.88.9,2.1,500K+
Pinterest,18 MB,$4.99,Productivity,4.99.6,1.4,100M+
Instagram,495 MB,Free with In-App Purchases,Travel,1.47.0,1.7,10M+
Airbnb,341 MB,Free with In-App Purchases,Entertainment & Video,9.65.9,4.2,1B+
Netflix,409 MB,$1.99,Entertainment & Video,6.8.3,2.4,100K+
Reddit,440 MB,$1.99,Productivity,1.27.2,1.2,50K+
Amazon,12 MB,$0.99,Entertainment & Video,1.90.2,1.6,10M+
Hulu,93 MB,$0.99,Entertainment & Video,7.31.1,3.1,500K+
WhatsApp,16 MB,$9.99,Entertainment & Video,7.86.9,3.9,50K+
YouTube,443 MB,$9.99,Communication,9.83.3,4.1,10K+
Pinterest,14 MB,Free with In-App Purchases,Music & Audio,1.1.9,2.7,100K+
Khan Academy,51 MB,$9.99,Travel,10.48.4,4.6,1B+
Netflix,163 MB,Free with In-App Purchases,Education,4.46.3,1.8,50K+
Dropbox,359 MB,$4.99,Travel,3.1.2,3.5,1B+
Pinterest,403 MB,$1.99,Communication,10.64.6,4.2,10K+
Google Maps,126 MB,$0.99,Education,8.45.4,1.0,50K+
Uber,322 MB,Free with In-App Purchases,Entertainment & Video,4.74.0,1.5,1M+
Slack,464 MB,Free with In-App Purchases,Education,1.81.3,1.0,1B+
Amazon,411 MB,$0.99,Communication,2.81.7,1.2,10K+
Slack,61 MB,$4.99,Travel,4.78.5,4.4,1M+
Spotify,205 MB,$2.99,Productivity,2.91.7,4.2,10K+
Google Maps,495 MB,$2.99,Entertainment & Video,6.25.4,3.0,10K+
YouTube,411 MB,$0.99,Travel,9.40.5,4.6,100K+
WhatsApp,443 MB,$0.99,Education,1.63.8,1.1,100K+
Slack,144 MB,$1.99,Communication,10.24.9,1.9,1M+
Zoom,175 MB,Free,Music & Audio,1.62.3,4.9,100M+
Dropbox,453 MB,Free with In-App Purchases,Communication,7.77.1,1.6,100K+
Snapchat,15 MB,$9.99,Social,7.17.8,4.4,500K+
Messenger,365 MB,Free,Productivity,1.6.0,1.4,1M+
Reddit,58 MB,Free with In-App Purchases,Education,7.11.1,1.3,10K+
Hulu,347 MB,Free,Education,6.63.3,3.4,100M+
Duolingo,83 MB,$4.99,Music & Audio,6.58.0,4.8,10K+
Pinterest,230 MB,$0.99,Communication,4.62.1,2.2,100M+
Pinterest,466 MB,$2.99,Social,2.40.9,1.5,100K+
Snapchat,171 MB,Free,Education,10.85.9,3.0,100K+
WhatsApp,53 MB,$1.99,Social,8.77.1,4.2,10K+
WhatsApp,257 MB,$9.99,Music & Audio,8.82.0,2.9,1M+
Twitter,124 MB,$4.99,Travel,5.89.8,4.7,100K+
Dropbox,383 MB,$4.99,Social,6.92.9,2.8,100M+
Dropbox,445 MB,$9.99,Social,4.74.8,3.2,100M+
Google Maps,347 MB,$4.99,Education,9.79.6,1.5,100K+
Facebook,374 MB,$0.99,Music & Audio,4.12.5,4.9,10M+
Spotify,465 MB,Free with In-App Purchases,Travel,1.55.3,4.6,500K+
Duolingo,359 MB,$0.99,Entertainment & Video,1.53.8,3.2,1B+
Duolingo,79 MB,Free with In-App Purchases,Communication,5.66.6,3.2,10M+
Uber,260 MB,$4.99,Entertainment & Video,8.92.3,4.2,1M+
Khan Academy,107 MB,Free,Entertainment & Video,6.70.6,3.6,50K+
Netflix,117 MB,$4.99,Communication,5.35.8,4.0,100M+
Pinterest,414 MB,Free,Social,5.53.3,4.0,10K+
Google Maps,160 MB,$1.99,Travel,10.69.4,2.3,100M+
Pinterest,382 MB,Free,Education,2.70.1,4.8,50K+
Instagram,245 MB,$2.99,Productivity,5.98.2,2.3,50K+
Hulu,218 MB,$4.99,Productivity,6.45.9,4.2,10M+
Snapchat,294 MB,$0.99,Entertainment & Video,8.82.8,4.4,50K+
Pinterest,278 MB,$9.99,Productivity,10.28.6,1.4,500K+
Facebook,116 MB,Free,Communication,9.62.8,4.7,1B+
Zoom,292 MB,$9.99,Social,2.85.7,3.2,500K+
Airbnb,223 MB,$1.99,Productivity,4.54.3,2.3,1B+
Zoom,255 MB,Free with In-App Purchases,Music & Audio,5.37.9,4.0,10M+
Dropbox,101 MB,$2.99,Music & Audio,4.37.9,2.0,100M+
Facebook,187 MB,$0.99,Travel,10.14.7,1.8,10K+
Slack,438 MB,Free with In-App Purchases,Social,5.16.1,4.9,50K+
Discord,419 MB,Free with In-App Purchases,Travel,3.62.0,1.5,500K+
Google Maps,148 MB,$1.99,Entertainment & Video,8.41.2,4.1,10K+
Netflix,231 MB,$1.99,Entertainment & Video,7.59.6,2.8,500K+
Discord,497 MB,Free with In-App Purchases,Travel,2.27.3,2.1,1M+
YouTube,297 MB,$9.99,Travel,5.22.3,3.3,100K+
Facebook,335 MB,$4.99,Entertainment & Video,10.70.4,3.3,10K+
Reddit,416 MB,$0.99,Music & Audio,9.43.9,2.5,1M+
WhatsApp,113 MB,$2.99,Education,2.53.1,4.2,1B+
Duolingo,190 MB,$0.99,Social,1.22.9,2.1,10M+
Slack,332 MB,Free,Entertainment & Video,7.76.9,4.7,1B+
Facebook,295 MB,Free with In-App Purchases,Music & Audio,3.31.3,2.2,100M+
Reddit,141 MB,$1.99,Social,10.1.7,4.8,50K+
Airbnb,54 MB,$0.99,Communication,4.78.1,2.5,10M+
Spotify,234 MB,$0.99,Education,4.32.2,3.1,500K+
Reddit,133 MB,Free with In-App Purchases,Entertainment & Video,8.46.4,4.0,50K+
Uber,409 MB,$2.99,Communication,2.75.9,2.3,50K+
WhatsApp,354 MB,$2.99,Communication,5.37.2,3.4,1B+
TikTok,304 MB,$0.99,Communication,7.50.7,2.0,10K+
WhatsApp,312 MB,$9.99,Entertainment & Video,1.8.3,2.2,1M+
Airbnb,321 MB,$4.99,Entertainment & Video,1.32.3,2.5,100K+
Pinterest,387 MB,$1.99,Education,1.97.0,4.0,50K+
Duolingo,13 MB,Free,Productivity,3.61.7,3.0,100M+
YouTube,474 MB,$9.99,Education,7.66.0,1.1,1B+
Khan Academy,294 MB,$0.99,Entertainment & Video,1.26.1,4.4,1M+
Twitter,296 MB,$2.99,Education,7.53.8,4.6,1B+
Twitter,227 MB,$0.99,Entertainment & Video,10.59.7,1.9,50K+
Reddit,296 MB,$1.99,Productivity,8.25.9,3.0,50K+
Airbnb,265 MB,$1.99,Travel,1.72.7,4.0,1M+
Uber,463 MB,$9.99,Productivity,6.7.7,4.9,50K+
Spotify,370 MB,Free with In-App Purchases,Communication,10.40.9,2.0,1B+
Spotify,121 MB,$4.99,Entertainment & Video,10.42.2,2.5,100M+
WhatsApp,317 MB,$4.99,Music & Audio,4.45.9,1.3,10K+
Twitter,129 MB,Free with In-App Purchases,Entertainment & Video,8.36.4,2.5,1M+
Netflix,169 MB,$9.99,Productivity,2.71.8,2.5,10K+
Airbnb,236 MB,Free with In-App Purchases,Music & Audio,8.89.9,4.5,10K+
LinkedIn,313 MB,$1.99,Entertainment & Video,2.80.9,2.5,500K+
Google Maps,464 MB,$4.99,Entertainment & Video,6.52.7,2.1,500K+
Hulu,121 MB,Free with In-App Purchases,Music & Audio,6.51.4,1.4,1M+
Reddit,392 MB,Free with In-App Purchases,Entertainment & Video,5.41.6,2.3,10K+
Discord,491 MB,Free with In-App Purchases,Education,3.16.7,2.5,100K+
LinkedIn,138 MB,$1.99,Education,10.84.5,2.3,1M+
Messenger,39 MB,$0.99,Social,5.81.0,1.5,100M+
Discord,177 MB,Free,Education,3.49.1,2.2,50K+
Spotify,468 MB,$9.99,Music & Audio,7.58.2,4.2,100M+
Airbnb,233 MB,$2.99,Entertainment & Video,1.91.2,3.5,1B+
Reddit,309 MB,$4.99,Productivity,2.70.3,1.3,1B+
Dropbox,184 MB,$4.99,Education,10.36.4,1.5,1B+
Uber,94 MB,Free,Travel,8.15.4,1.7,10K+
Uber,323 MB,$4.99,Communication,1.59.6,3.9,1B+
Facebook,411 MB,$4.99,Entertainment & Video,8.74.9,2.6,10M+
YouTube,468 MB,$9.99,Music & Audio,7.63.9,1.8,100M+
Google Maps,498 MB,Free with In-App Purchases,Education,6.79.4,1.2,100K+
Slack,477 MB,Free,Music & Audio,4.31.8,1.1,1M+
LinkedIn,130 MB,$2.99,Travel,1.12.1,4.6,1B+
Hulu,488 MB,Free with In-App Purchases,Social,10.55.0,1.6,10M+
Twitter,389 MB,Free with In-App Purchases,Education,6.69.3,1.4,100K+
Duolingo,362 MB,$0.99,Productivity,8.43.1,4.7,100M+
TikTok,186 MB,$9.99,Social,3.22.2,2.0,100K+
Duolingo,168 MB,$1.99,Communication,10.5.3,1.4,10K+
Pinterest,268 MB,Free,Productivity,1.72.0,4.0,1M+
Discord,88 MB,$1.99,Communication,3.40.3,3.1,100M+
Dropbox,391 MB,$9.99,Music & Audio,6.17.2,4.3,1B+
Uber,385 MB,$1.99,Communication,7.24.3,3.8,10K+
Airbnb,29 MB,$4.99,Entertainment & Video,1.59.5,2.8,50K+
YouTube,132 MB,$2.99,Social,3.91.4,3.3,1B+
Spotify,290 MB,$4.99,Music & Audio,10.85.4,2.1,500K+
LinkedIn,50 MB,$9.99,Social,7.40.9,1.9,100M+
Twitter,387 MB,Free with In-App Purchases,Communication,10.70.9,1.7,500K+
Facebook,242 MB,Free with In-App Purchases,Music & Audio,8.43.3,1.2,500K+
Slack,428 MB,Free,Travel,1.68.4,2.7,100K+
Instagram,16 MB,$4.99,Social,7.57.4,2.5,500K+
LinkedIn,465 MB,Free,Education,10.6.5,1.7,10M+
Zoom,51 MB,$2.99,Productivity,6.22.3,4.3,100K+
Messenger,169 MB,$1.99,Music & Audio,8.34.9,2.1,10K+
TikTok,443 MB,Free,Music & Audio,6.84.9,4.3,1B+
Reddit,254 MB,Free,Communication,8.25.2,3.9,50K+
Zoom,25 MB,$0.99,Productivity,1.38.7,4.8,100M+
Spotify,275 MB,$2.99,Education,10.14.7,1.9,1B+
Reddit,112 MB,Free,Entertainment & Video,1.25.9,1.6,10M+
LinkedIn,247 MB,$2.99,Entertainment & Video,10.17.0,4.8,10M+
Slack,434 MB,$2.99,Communication,3.30.8,1.3,10K+
Pinterest,145 MB,Free,Entertainment & Video,3.88.0,3.5,50K+
Hulu,451 MB,$1.99,Entertainment & Video,4.52.9,2.2,100K+
Spotify,157 MB,$4.99,Education,2.44.3,3.1,50K+
Snapchat,198 MB,$1.99,Productivity,7.66.3,1.2,10K+
Google Maps,242 MB,Free with In-App Purchases,Productivity,7.28.9,1.8,10M+
Netflix,188 MB,$1.99,Productivity,3.31.1,4.7,100K+
Khan Academy,319 MB,$0.99,Travel,9.58.3,4.7,100M+
LinkedIn,278 MB,$1.99,Communication,1.87.5,1.9,50K+
Google Maps,44 MB,$9.99,Travel,6.5.3,1.4,500K+
TikTok,400 MB,$2.99,Entertainment & Video,8.67.2,3.4,1B+
Messenger,304 MB,$1.99,Productivity,4.77.6,4.0,100M+
Pinterest,341 MB,$0.99,Social,10.28.4,4.4,50K+
Reddit,365 MB,$4.99,Social,5.87.9,1.8,1B+
Dropbox,158 MB,Free,Productivity,3.75.8,3.7,50K+
Facebook,171 MB,$2.99,Entertainment & Video,6.95.5,4.1,50K+
Duolingo,408 MB,$4.99,Travel,10.92.5,4.2,500K+
Snapchat,444 MB,Free with In-App Purchases,Entertainment & Video,10.15.0,4.2,100M+
Twitter,323 MB,Free,Travel,3.36.3,1.3,10M+
Twitter,133 MB,$0.99,Entertainment & Video,10.82.6,4.0,1B+
Duolingo,81 MB,$2.99,Entertainment & Video,8.1.6,3.4,1M+
Netflix,245 MB,$9.99,Social,9.73.4,2.5,100M+
Hulu,112 MB,Free with In-App Purchases,Music & Audio,6.10.6,3.4,100K+
Duolingo,243 MB,$1.99,Entertainment & Video,6.47.1,1.4,10K+
Uber,496 MB,Free with In-App Purchases,Communication,6.72.9,4.2,100K+
Dropbox,159 MB,Free with In-App Purchases,Education,4.15.1,1.2,50K+
Amazon,364 MB,Free,Music & Audio,6.28.5,1.7,1B+
Slack,334 MB,$2.99,Education,5.49.7,4.8,10K+
Slack,492 MB,Free,Entertainment & Video,4.13.8,1.9,500K+
Instagram,144 MB,Free,Entertainment & Video,10.29.8,4.2,100M+
WhatsApp,293 MB,Free with In-App Purchases,Music & Audio,4.41.6,3.9,10M+
Hulu,193 MB,Free with In-App Purchases,Communication,8.63.3,3.7,10M+
Snapchat,442 MB,$4.99,Entertainment & Video,2.57.0,1.6,50K+
Instagram,352 MB,Free,Entertainment & Video,1.92.4,2.5,100K+
Messenger,38 MB,$2.99,Music & Audio,5.29.5,4.1,100K+
Duolingo,221 MB,$1.99,Travel,6.25.9,4.3,10K+
LinkedIn,181 MB,$2.99,Education,10.89.0,3.0,500K+
Zoom,393 MB,Free with In-App Purchases,Entertainment & Video,9.2.0,1.4,50K+
Snapchat,495 MB,Free with In-App Purchases,Productivity,7.98.1,1.2,10M+
Airbnb,323 MB,$9.99,Entertainment & Video,6.67.7,4.9,1B+
Snapchat,183 MB,$0.99,Entertainment & Video,10.33.4,2.6,100M+
Spotify,356 MB,$1.99,Entertainment & Video,3.46.5,4.8,10K+
YouTube,121 MB,Free,Social,1.88.2,1.2,10K+
Spotify,400 MB,$0.99,Communication,4.59.3,1.5,500K+
Pinterest,352 MB,Free with In-App Purchases,Entertainment & Video,6.57.0,3.7,10M+
Spotify,102 MB,Free,Productivity,5.92.0,3.7,1B+
Slack,70 MB,$2.99,Travel,5.58.0,4.7,100M+
Discord,413 MB,$0.99,Education,3.80.6,4.1,1B+
Dropbox,308 MB,$4.99,Social,8.94.7,4.0,100K+
Messenger,361 MB,$9.99,Social,3.29.3,1.2,1B+
WhatsApp,265 MB,Free with In-App Purchases,Travel,10.54.0,2.2,100M+
Snapchat,280 MB,Free,Social,4.1.7,3.7,10K+
Reddit,383 MB,$4.99,Communication,10.83.9,2.6,1M+
Uber,248 MB,$1.99,Entertainment & Video,3.23.8,1.2,500K+
Spotify,440 MB,$1.99,Communication,9.43.0,1.6,100M+
Hulu,255 MB,Free with In-App Purchases,Education,4.60.2,1.6,500K+
Netflix,152 MB,$2.99,Entertainment & Video,1.71.2,3.2,100K+
Facebook,452 MB,$9.99,Travel,1.40.4,2.5,1M+
LinkedIn,178 MB,$9.99,Communication,9.55.2,4.0,1M+
Spotify,200 MB,$9.99,Education,6.85.9,2.5,100K+
Khan Academy,139 MB,$0.99,Travel,9.55.9,4.3,50K+
TikTok,188 MB,$4.99,Entertainment & Video,9.73.9,2.4,1M+
Airbnb,240 MB,$0.99,Education,5.38.9,1.2,50K+
Discord,424 MB,$0.99,Education,7.0.4,2.9,50K+
TikTok,56 MB,Free with In-App Purchases,Productivity,2.19.4,3.3,500K+
Khan Academy,464 MB,$0.99,Social,3.40.6,1.2,50K+
Discord,216 MB,Free,Education,5.39.5,3.5,10M+
YouTube,300 MB,Free,Productivity,7.31.3,2.9,500K+
Zoom,198 MB,Free,Entertainment & Video,5.85.7,3.1,1M+
Snapchat,286 MB,$9.99,Entertainment & Video,8.81.5,1.0,10M+
YouTube,129 MB,$4.99,Entertainment & Video,4.38.1,2.2,1B+
WhatsApp,45 MB,$0.99,Travel,1.97.3,2.4,1B+
Airbnb,117 MB,$0.99,Education,6.84.6,3.4,1B+
Airbnb,287 MB,$9.99,Productivity,6.15.0,1.4,1M+
Facebook,99 MB,$2.99,Productivity,2.24.6,3.8,10M+
Hulu,107 MB,$0.99,Education,10.28.2,1.4,50K+
Khan Academy,469 MB,$2.99,Entertainment & Video,4.49.8,2.1,10M+
Google Maps,398 MB,$1.99,Education,10.5.9,1.6,10K+
Duolingo,247 MB,$4.99,Communication,10.82.0,2.8,50K+
Uber,245 MB,$2.99,Travel,4.43.9,2.9,100M+
YouTube,474 MB,Free,Communication,6.95.7,4.5,100K+
Reddit,454 MB,Free with In-App Purchases,Education,5.12.7,3.5,100K+
WhatsApp,193 MB,$2.99,Communication,7.25.8,4.8,1M+
Facebook,364 MB,$2.99,Productivity,1.16.4,2.3,100M+
Instagram,242 MB,$4.99,Entertainment & Video,7.85.8,1.1,10K+
Amazon,467 MB,Free,Entertainment & Video,8.65.3,2.3,50K+
Amazon,96 MB,Free,Entertainment & Video,10.92.5,4.9,100M+
Dropbox,86 MB,$4.99,Education,4.73.2,1.9,100K+
Slack,120 MB,$4.99,Entertainment & Video,6.15.2,3.5,50K+
Twitter,290 MB,Free,Entertainment & Video,5.41.1,3.7,50K+
Reddit,487 MB,$1.99,Travel,7.59.6,1.0,50K+
Pinterest,114 MB,$0.99,Productivity,6.35.0,4.8,1M+
Netflix,207 MB,$4.99,Productivity,3.99.3,2.1,100M+
Airbnb,382 MB,Free with In-App Purchases,Productivity,4.96.5,1.8,1M+
Spotify,76 MB,$9.99,Communication,4.58.0,1.9,100K+
Khan Academy,203 MB,$1.99,Music & Audio,2.30.9,3.8,50K+
Twitter,259 MB,$1.99,Education,10.33.4,3.1,100K+
Uber,211 MB,$0.99,Communication,4.98.0,4.1,100M+
Khan Academy,161 MB,Free,Communication,7.44.8,3.9,50K+
Twitter,206 MB,$2.99,Travel,5.10.1,4.7,1B+
Airbnb,428 MB,Free with In-App Purchases,Travel,2.9.8,4.9,1B+
Pinterest,464 MB,$1.99,Social,3.45.0,3.2,500K+
Amazon,211 MB,Free with In-App Purchases,Entertainment & Video,3.97.8,3.4,10K+
Pinterest,74 MB,$4.99,Communication,4.35.0,2.5,1M+
Facebook,46 MB,$9.99,Entertainment & Video,7.59.4,3.7,10M+
Uber,53 MB,$1.99,Social,9.37.1,4.2,1B+
Reddit,442 MB,$0.99,Entertainment & Video,10.65.7,1.7,10M+
Uber,258 MB,Free with In-App Purchases,Productivity,7.83.1,5.0,10K+
Amazon,24 MB,$9.99,Travel,9.54.1,3.4,10K+
Twitter,465 MB,$9.99,Social,3.26.2,3.5,50K+
Amazon,140 MB,$1.99,Productivity,10.73.6,4.4,1B+
Pinterest,249 MB,$4.99,Education,9.84.6,1.8,100K+
Pinterest,475 MB,$4.99,Education,4.63.4,4.0,1M+
Dropbox,113 MB,$4.99,Education,10.34.1,3.7,100K+
Pinterest,86 MB,$1.99,Communication,4.86.7,2.5,100M+
Dropbox,36 MB,$9.99,Communication,9.38.5,3.5,1M+
Uber,418 MB,$4.99,Entertainment & Video,2.69.2,2.2,50K+
Amazon,467 MB,Free,Entertainment & Video,6.93.2,3.5,100M+
LinkedIn,482 MB,Free,Social,3.20.5,4.2,100K+
Discord,321 MB,Free with In-App Purchases,Communication,6.0.8,2.6,10M+
Snapchat,465 MB,$9.99,Entertainment & Video,7.81.5,4.5,1B+
Snapchat,428 MB,$1.99,Travel,9.73.3,2.4,100K+
Twitter,272 MB,$0.99,Music & Audio,5.76.2,2.6,10K+
Snapchat,13 MB,Free,Social,9.46.7,2.4,10K+
Khan Academy,54 MB,$4.99,Music & Audio,1.93.5,4.2,100M+
Messenger,154 MB,$1.99,Productivity,6.27.6,2.1,1M+
LinkedIn,471 MB,$0.99,Social,3.78.3,3.6,10M+
Snapchat,166 MB,$1.99,Entertainment & Video,8.60.1,1.1,500K+
Slack,383 MB,Free,Music & Audio,10.58.0,4.0,1B+
Discord,258 MB,$1.99,Entertainment & Video,10.22.1,3.5,500K+
LinkedIn,129 MB,Free with In-App Purchases,Entertainment & Video,1.61.3,2.9,50K+
Dropbox,215 MB,$0.99,Music & Audio,5.85.2,4.7,10M+
Uber,385 MB,$0.99,Education,3.31.9,4.5,1B+
Twitter,75 MB,$4.99,Entertainment & Video,3.59.7,3.3,10K+
Airbnb,316 MB,$2.99,Social,9.24.2,4.3,10K+
Instagram,244 MB,$2.99,Productivity,4.61.2,1.6,500K+
WhatsApp,257 MB,$1.99,Entertainment & Video,3.19.1,4.5,1B+
Discord,224 MB,$0.99,Social,2.25.2,3.4,1M+
Facebook,274 MB,$4.99,Music & Audio,6.95.7,2.7,100M+
Instagram,457 MB,$9.99,Social,7.47.1,2.0,50K+
Amazon,380 MB,Free,Entertainment & Video,8.21.0,1.2,50K+
Twitter,79 MB,$1.99,Communication,3.79.1,1.2,100K+
Dropbox,257 MB,$2.99,Communication,6.67.3,2.1,1M+
Reddit,167 MB,$2.99,Communication,6.60.3,4.8,10M+
Netflix,82 MB,Free with In-App Purchases,Entertainment & Video,2.93.7,1.5,50K+
LinkedIn,215 MB,$1.99,Productivity,6.92.7,1.9,10K+
LinkedIn,322 MB,$0.99,Communication,9.20.8,4.9,100K+
Spotify,320 MB,$1.99,Music & Audio,4.55.5,3.7,100M+
LinkedIn,314 MB,$1.99,Entertainment & Video,10.45.3,4.2,1M+
Duolingo,340 MB,Free with In-App Purchases,Music & Audio,5.21.0,4.9,1M+
LinkedIn,413 MB,$2.99,Productivity,7.16.9,4.0,10M+
Reddit,175 MB,$2.99,Social,2.85.8,4.8,1B+
Messenger,326 MB,$9.99,Communication,2.63.1,2.0,10K+
Slack,85 MB,$0.99,Travel,1.9.8,4.6,1M+
Messenger,405 MB,Free with In-App Purchases,Communication,7.84.5,1.5,1M+
Netflix,55 MB,$1.99,Education,6.39.7,4.4,50K+
YouTube,243 MB,$4.99,Education,4.32.6,4.5,1B+
Dropbox,436 MB,$4.99,Entertainment & Video,2.46.5,2.9,50K+
LinkedIn,56 MB,Free,Travel,4.53.2,1.8,1B+
Snapchat,385 MB,$9.99,Education,8.58.4,2.5,500K+
Khan Academy,337 MB,$2.99,Productivity,5.93.5,1.7,100K+
Reddit,490 MB,Free with In-App Purchases,Productivity,10.87.3,4.6,10K+
Facebook,285 MB,Free,Productivity,9.40.6,4.8,10M+
Netflix,481 MB,$4.99,Productivity,5.52.2,1.3,100M+
Instagram,471 MB,$4.99,Entertainment & Video,10.58.7,2.1,100M+
Facebook,163 MB,$0.99,Social,5.57.3,4.6,10K+
Dropbox,327 MB,$1.99,Social,7.27.1,5.0,50K+
Discord,450 MB,$4.99,Music & Audio,9.59.3,1.7,1M+
Pinterest,234 MB,Free with In-App Purchases,Music & Audio,10.14.5,2.3,10K+
Facebook,262 MB,$4.99,Communication,3.6.1,3.3,100M+
Netflix,353 MB,$9.99,Education,2.78.3,4.0,500K+
LinkedIn,154 MB,Free,Education,7.2.7,1.1,50K+
Dropbox,98 MB,$2.99,Communication,5.69.5,4.5,10M+
Amazon,141 MB,Free,Education,1.40.4,3.9,100K+
Dropbox,161 MB,Free,Music & Audio,6.15.6,4.7,10M+
WhatsApp,334 MB,$4.99,Music & Audio,5.52.1,3.1,10K+
Messenger,241 MB,$4.99,Communication,5.88.0,2.2,100K+
Instagram,143 MB,Free,Social,5.20.1,3.9,10M+
Twitter,356 MB,Free,Music & Audio,7.54.5,2.1,10K+
YouTube,369 MB,Free,Social,1.99.2,4.2,1B+
Airbnb,226 MB,Free with In-App Purchases,Music & Audio,2.11.4,2.9,1M+
YouTube,133 MB,$2.99,Entertainment & Video,8.23.2,2.6,10K+
Zoom,125 MB,$9.99,Entertainment & Video,8.39.7,1.4,100M+
Google Maps,359 MB,$2.99,Music & Audio,1.78.7,3.0,10M+
Zoom,195 MB,$9.99,Education,10.18.8,1.2,1B+
Hulu,318 MB,Free,Travel,7.41.9,2.1,100K+
Discord,210 MB,$4.99,Travel,1.9.9,2.6,1B+
Pinterest,276 MB,Free,Communication,10.71.1,3.5,1M+
Hulu,71 MB,$4.99,Productivity,7.45.5,1.2,500K+
Zoom,192 MB,$9.99,Education,1.8.0,1.0,100M+
Facebook,275 MB,$9.99,Communication,7.71.9,4.6,1M+
Airbnb,281 MB,$1.99,Entertainment & Video,3.69.5,4.2,500K+
WhatsApp,497 MB,Free,Entertainment & Video,9.79.7,2.8,1B+
Duolingo,268 MB,$1.99,Communication,9.91.0,3.2,100M+
Snapchat,456 MB,$2.99,Education,9.5.7,3.9,10K+
Uber,223 MB,$9.99,Entertainment & Video,4.31.0,1.3,1B+
Facebook,182 MB,Free with In-App Purchases,Entertainment & Video,10.97.7,2.2,1M+
TikTok,329 MB,Free,Education,10.0.3,3.9,50K+
Spotify,132 MB,$1.99,Productivity,2.96.8,3.7,10K+
Twitter,458 MB,$9.99,Education,2.86.5,3.3,10K+
Zoom,475 MB,$2.99,Entertainment & Video,4.19.5,3.3,500K+
Uber,295 MB,$1.99,Productivity,6.82.2,1.2,500K+
Snapchat,33 MB,$0.99,Entertainment & Video,5.23.8,3.2,100K+
Facebook,254 MB,Free with In-App Purchases,Entertainment & Video,1.84.6,4.0,100M+
Messenger,422 MB,$9.99,Social,10.73.4,3.7,100K+
Pinterest,34 MB,Free with In-App Purchases,Music & Audio,4.78.3,4.6,10K+
Messenger,22 MB,$2.99,Communication,5.95.0,2.9,50K+
Snapchat,159 MB,$9.99,Social,9.34.6,2.0,500K+
Netflix,490 MB,Free,Travel,2.63.8,2.0,1M+
